0xae91c299e37557054c14d3d289ac19487c1239c3f656dba8543458886ea81440,
0xe2844498ca1d998bcbd1be2bc84ea5f3eae6535851cf965f862c58c0f5c3905d,
0x2c1190216f7f5aeea6e040e8cf1912680c425efdbd20dc20c571ad1c3f55fcfe,
0x6172b636b26c75891d39f329093fb51352c8137e5d5ca20adc87937ac292a083,
0xdaa39fe49f608841be601ca4b734b3e09d8288b780e67e065fe904a9939ccbcd,
0x7cd08bf3023d2a64a2cebe2017d44e8c36cade3b5b2af7ff8d8d63d49055787c,
0xeaa09ccfe5efe663989d087e2ae031e14742078fa508d1bed11f4e44a2012d37,
0xea2f594b092370f498b567a85ebbbbd8fec01e3f5161c15ac0f14935992f80d6,
0x6b4d312744a0359f8d3b7b7e6b27a290392d7ff6d1794711a84476b8cf694af4,
0xc0e3b132072af325e4d70e853bf3e26f75313787e0a0ee7c62c2767b57c42498,
0x652365a1a00f7d404e141cc62c44919402189b94d61599722617b3092798ee2e,
0x50a5411524fddd50ffa8f6c7b0f8209f18912380df75ecbbd2af2264e1d8f259,
0xb3f6943c1138d73b76d3d692e4ee112cc1475197a6a0f80c89b877c18f0d660f,
0xab2a15dd2e77c3b9452c3a452342c7e8ccc35b583c953ae02973d916c905a6b9,
0x85433dd078069eb7f4d67477e36f779d1ca8cea457fa6cecf28213297da5d0f1,
0xee50f6b5062dfbacdb6e1688e77dc4f968afda5351c3029a29d3f401534e7365,
0x7e72d4156c89426faeb225b258baa00a1dc2e8d6ac3dfdc328c0fd603fc4a2d8,
0x697f1bd2b68a92e83bb79f80a58cbcd2b3759059d64b7f8bcffa4e1461f96326,
0xb82752be1c5ef8745b09193c750ce2c32711ea58c56ff2c080885e5a149f422e,
0x877eb9199c706fab5836b525b7d7249e06617c5553950e6fd69f73b7cd8442dc,
0x6d40fe92437a4456f1f9a3cc76170be6aea6b48ddb4b13f2b68e15d3b4c5d283,
0xae0cca6a35ca8dccf93c50146114ff1ff7cf4dc4e2d343d4d6377607c61c73ab,
0x0ce347b0dad97e1a7b79df200eb714019ac21e8981d5d6e4aaecc1a414790023,
0xa77e3f9cd5ddc7c5514ec758b07d4aaa7b5e94b9ba340e51e8cd0365396440e8,
0xe95504df7261ec90e0cc7ca9b0bae569db99d19e9a7b37ff38fd7015600d4b62,
0x0dbeec7f4ae0a3f6a0c77fd65e1d6771d4a4e9c10d9c0034261c63ec8300f6d7,
0xf7660e0ec824e7f83672f35026a29e95abdf1f21573d312dcdde3f1e4f0362ef,
0xd8dce812e549c9887b4f8fd679661f8061fab796fce3bd7f01ae28c528d7f63b,
0xbfc42b5a7e1d61061b63f99281be22c03d3940f388babecdc4abb921526f20f6,
0xd922439b7cb2d446f82a21ceaae36e5957d9b5bb4cfadcc65fb074f6ecfd9aad,
0x0fbdbf0d37f50bbe899819729def45766be1fa72835906be9e3882c8465087c5,
0xa02d668f1082710d872c28ac8f40450c99941330c084f6265e3f75bf53142d74,
0xebe8270c42f1f8c11cc7ef7c7b817da70fd4f1f310f123907547e962c85d095b,
0x89e2b6e4c3d651ff0d27dfa4f56e0722a8089df2a60ea897b2a622a0d1cffdfd,
0x9ba7def5789aa631c1b289198df6f00ee266ab8803e3b54c5d2430d6e96efff2,
0xa267c1080a2c222dcb16bb43c54b52c0366d5ba2607bb67aa9dbe58530901b1b,
0xb4337bfa2e7f5e1bb9dde6155f844da460837201a62c9b230b37bb030d45c2db,
0xb677bd94487c60e6d707745765df282edf0cf92935ccba349619e6f917044606,
0xd011c38343c5b34aa1562c9c98e8453b6abe9574a3831366d2a2bb01cc3c0c97,
0x4618b25eb7e1822b82584c686fcd0d8a9f2a85224131a983ed12a2c02e426958,
0xd4cce0159774e7e78089b8c866420da6c1f946a8bff8aac0fcbc314427405766,
0x236b80b6b60b1d9abe5692137de01d56c124123c354533d86b014c8f69dafc2b,
0xa64a9cdae11009d173f216f7d8984dc1bee92eecf0aff340d148bdf4bf65b524,
0xce60b7ea6a8be0ba1d9220293672f009f9f62d841204ad2e45515cd75abc1fb0,
0x1994094dd99ff01b396f912c7ab478154dfb3359740d586003b0540c1e32ae85,
0x8f2709ce7749c55c944af2aa3eaec271555e712f731d0e0f29cbd0f618ac7b84,
0xe3aead5934019470851c5829f8f8b74b2236b5a1e17571275837ca889a562d96,
0x1d99b203fe14e30fad8742e8726ad8a9e5fc6de7d15408882b94f3da119d9139,
0x06edbdcafc83de648159ac9dbbaf0390197d1aa9b4efcf10b996d752652ac081,
0xd2726b2b5c09a3f36b12c9c7189d19b207bfba261048efa65afceceded63ba14,
0x788c458456de89ac7b067cdd8de0de60ed1df55f27399f5f5f332b4b39a43ab4,
0xf52414ef3d8173eade91131458f97a130d992d361954fb31e01b92329e9bfa51,
0x73b5b9c05c34c40294e3a14edb89127d6093c3519e2643fd99b45e64add88f0a,
0xea4453f3ea5a46c97bc459634859f5a4a491e7b7aec5b2e40328b6345e802323,
0xb7d1c808d457438b1267759105ef337ee6b8765b76d835b1bcc7cbd6023165ed,
0x64bb258084ab929181cdb31c4a8a9f1d0088b4be8f5065a1976cb873b72b6566,
0x80346d5f6a88ce6b5134b7a777c808c63b4dfd52f5dbc94419e876b7552d2ac3,
0xa888b4ca1c0960374d1a221dbaa4236939f035750567b837a70f768c9cdee13b,
0xf88c2600b0566450519be748629b37c6f0d4adfe9e2f52b6776932684908a142,
0xd7685d9a6b3dc16800b62f0fa26abd608867039c272a72975fb9136ead20bb19,
0x5f8b57676c87426f3c0f4e320fe0f4c6051e75d1434ee205db80d16ccf4f8958,
0xc6f9e6a8505ed38e1d53ec97834e0b0c61d41f96c154439395374b0189236816,
0x79adc2a7c47bfdb95c5295fa0836c412a97ec86a2de0cdd389a7660ec2fbd577,
0x4ee6458c13efe6431471830cac1ed597efefd2e8238479c1ec8c8360f80de9e2,
0x5d9dd2455f539687b6e9c9d483b9df61dc22116bb853259916f79f7e5b35aaff,
0x2eb56e628a5f3840d958190155c0cbf5b394780a657969d9d8e111cc7a4fb765,
0xd5d80ef878808a7aeec0364c386a83479e3c6889c83e69bb8d6dcbf7edabc106,
0x5fbfe94018e56a035027d5e83118360f9fafe9d1d70f48c1c6c9c4fd8a7dd3af,
0xcc2b526e5551ac606aa811c4991a62c48b98e36a73fc076eb99389620ffaa048,
0xb145ac681c131cb2a8b5b58cebf7dd3cf98630435266fcb98df6da8a82656042,
0x94617648d3a2e6fe51303b704aa75f49fab11dbeb85a7f79f8c3d0c8e07d4b9a,
0xf4cf68523f54dcde881bf5ba1ce1ede7743d6d4b245b77894a0897c38cc1a196,
0xc09d1d97e6fbe1e46ee98cb218d0072b97f41117e8d5cc5e8a0daad7a4005016,
0x42f7132f6fdc7d31a715abd29c8084726b3f5dcdc1615f0b436778c48c6d5e85,
0x28560946a70b336cf6b4930e7dae15ecbf03152fc8746ec86e813db0d30572bc,
0x0a15a65746aab6181a60c49e9bb6fc4924194807adef4a4ccee46bf36cfd13e4,
0x4e973355af376ea012203e8dcb96237a8f6ea5b5528837f61cb1130ba5339c19,
0xd0c1495c9c07cc4d94d0bc75c168fa2c7401177ad541e2f86cb5ac2ceed7365f,
0x19f8524cde81a3ff176bbf0c0d34c0a697f0ebd2da4a9783be6675241500ec3e,
0x67d91706a50cfc6c6caf42622a9f0eab769105f40b240df059adb199053a6dd1,
0xcd684342786c0098077047e961031405e34195d1399d6c8dc708372ea3d887d1,
0xe6c2563d895c71014932fd58dbe9bc379545ef7f02395f041d7e3fc2b75d29dc,
0xe94df987ef17e52334d5283016a789a8fde1b45998486d15b367084289f90410,
0x4a7179ee3f4917b234f5f4777dac2db83719f696cf7abe7bc3b5315a83adb836,
0x66bec90b794a180eed6e04b0103688a4a376a12cc3647fa84d4deae7a456fa04,
0x32942fd36f885f0593620c0ff3b183b7834747d37538a1945306a9138ccd8b55,
0xa2d22ce9bef4a10fe22ce25ddf1d1016156bb9f03aaa4ab410b0b42a45501ef4,
0xd68159780dafaf8151b24f77cb634e09bde8dee3c03770d1f8719705b361d026,
0x466ed22e60a25a5e7727398006ad370f9ac05bddb8b76d19f136ebc050f84a1c,
0x0f1ba82461d337b15e583801d616c6a00ea4bae38a735a00ae23b58a5a065ca5,
0x52b007e4ffe25a21179dd0e7cd9d7203457df5311ed193eafd853b65cb0e8570,
0x060886febced634a73a24b71f4cc36afdd7cd46db00302e3c425ff420e10322a,
0x32687d37836d4c3bdefc5fe08b054ccc9d32cc4ebb312134912051532d3de51c,
0xbf2a376479f1247b902c18c99f9c045d990dfbe0aa6c372af87edca2f6b5ac75,
0xcb94384caf18e82113113156894f12da644120b7d4b2fcce6f37e86ab33ca75b,
0xe495266f55292e151a688661e928c9ce1593b527e1b757b6e2aca71abf59f846,
0xbc74c81c89ec4b4586f044f7928aa92147cf4dcc16b6a76587b90f66e8b2f175,
0xae095cf57fc738eb12ecd322479de145c3494504c57108cea3e147ebc049e80c,
0xb8ec3da7e15f24213e12f3470996799bb632492b8febf3fe857c406b69c5567e,
0x121650f08a5eba582bd0e1ec51f8c165e9688786d6e8d35453c4d4aba3c2763a,
0x0447dd418f377030e69dd1a2a73db10ac2ef2fe4a02e67aa46702c4e840027f6,
0xc6f6c3c147e60fa6105fcd8bbf93db3faeba752e0f75aee57d2502fa940030ee,
0x59ed5c0cb562fa2d31dc94bfda65e4e644b266d015c943b379308c4388952b87,
0x268a5e72e474d5f7fccc8e6d8bd36e5676c1d2d3d19ccb5ee3dabeae928441de,
0xed732b86ad354a518d26574e06fdde377cabb525148b1ea8d95ff337cea4446c,
0x743d2e557d9213310ff02edc2cf672279be1a446cf3bf2100c1872770ebde109,
0x5a2cfd5afd360bdaba5ef98f105173a196b2a5b5a70bafa994139c53dab98759,
0xf3931452d39f6f72a66ce890cdfd43f8e05fdfe2f322e6883d2096feb66a9f7c,
0x1ea7ae77ab34f6b9e07a156f1a89659d754ac92575b0beb1c7663b6daa342785,
0x4dd73f17084d7b4af483e000682ef252ebf51a6a853a6fb3145aa14088d6b286,
0x24b1e0c2fa503f844333f5ebe15a9d115c255cb6a517aa55400516e6d6e53bf1,
0xc341f0ae62e60edb2a9cab8b4299edbd53c30e58b120c59152f05a67fb1c0705,
0x769d3f567416f5d3f1c392db8be134f1afd9b8d5354e10e8862178a6171d09d5,
0x6b0593db3fcea2ed2a93c62b084422924cf016e4f7019db2973f2413bae0cbe7,
0x1c3792ba15bcb96c8de3aaeceb176cdc7513b164477a0c4c5bcace1701d87128,
0xcc424e690ce4384d702466a07fbb6918ff4498dbc414af5a412a8ca96d0f92a8,
0xe4579e33dfa4872f8e12a7db7fbd75435551d66e10229213e89c429c71a629c1,
0x809947d926f21a6e2ed127428d77a102595e6e0719888668cd44fa2063f568eb,
0x585559eb26d0a70fe832f67085bf7cd674f06e5349d36b2c7d83c2bfcdd1119c,
0xc9155c6720eb8816358c70623466f0a96d2975c496e0383ad754a187d87ae999,
0x5b63534bf75685ed53bc75b7b5bf56c38244cf456ae46c2cb8c2643c53da5cbc,
0x152423f6e5d88069832eac3dd6fbb51b91fd84f98227351226b514cc1e9bbb6d,
0xc2e042b3dddc2b530b8606670712ecd68063f61315d356941dd7a547dbe7fac5,
0x4f44826c678c1127174098dedf361e82097dba33930c9463bc7d57e306dc5f8b,
0x30a3e520583ec7910158bdffff94c3797efd89e7a73bcd9ac0d823587162b221,
0x267d5e9b8db01ee01b5ea43d88cf47763813d3f041c468874094b81bb8ffbca3,
0x563de5d7625295109464a052505c68bf2976fc6a4891f67db174d41f06fdf0a1,
0xc2c37c0af3fea44cb3726ac19a3077f4633f5ffa5ee0e4c85b7c958218f94517,
0xfa1e88db559b3315faecaf5e6fa7258c502ee4f0ae7230f511cb016994d3a30f,
0x779067e865be6cba73f30d4f555360b54f7260f271d8407b3ae393daebdc195a,
0x8a6a1f48653a734a877b384cd27a80aaa81a525e120026df99680de7e74bdc8c,
0x648bdb59b0ce82f3d03934367ead332602ec80db5c34e2e4b9269ab21a6ea1f2,
0x57b7b5027c88cb2eb165d8e1d106f5d4711b1067f21fb3cb0fe61389705c65de,
0x12695ac4d1959453223c54adca282f6fd3635c9b2a2dc6b212cf42c7ed8433cc,
0xede3237f344fbc7e1dc47a8dea60178a6f9e88627788df06adc7cdf6296c6f28,
0xc3712f0c165968ab7894217234d77c370ee2906be2ca42d60a1dfc1829f7e0f1,
0x08ed52d47491dafb9e8d4b145bf0ad345ce3f7e10d0e1f7ddbbfaafe59b33d31,
0xbc2ad4e27e1bbbf9ee6b86cc270e2c0a78b7ff75b655d0d23f533af664f2a064,
0x15e6da55a280fcae94feb7f9f3cb70ea151a584b589deb8fd601ff58415ad36d,
0x640976326a21c8bf993f092fcefd7756abd2f49bd0347b465134ec4c7eb86603,
0x4ee86f43e313ffef9ce2e11a4047563c39ed37b8bb6b95a21223fa03237f20da,
0xb01c6e14f423791faf80586ea70943339eee0b9487fca4ff717b556e68657cf1,
0x7ed0278d66307177b8fe074407311e1859cbd9c369949f9e7063421b511d92b1,
0x4db20cfb04ff141a134c54bb7928ec5d3ce9dda529946c0b9908209f884cd103,
0xba9492177700464a1c9d9f7699a399ff306a9161c89d9b2550e27a6c016db11a,
0x35a90e7204a54c1e1b88977bc9d05c6142f03dd86b57f5725610863caee9358d,
0x3c542995e12c0de8118a63d498be157c6dd129cfef91bc96516d90afe74988fc,
0x2855fd692112367cf6f77878425550339eab4233a81808e3c7d40dde1fe036e9,
0x358667f35a6d1b48e6b3b6e9afe98bbfa190cf1dc733d8441332659445db96dc,
0x1a23f4c93ee0fe1aeb6ee58b77a415e76e1427e22c29a0a6967161015ddba162,
0xaba54d543d73f8b23481e97165e27fd4b93bedb272252f23a317c0fa1edff519,
0xa49d37a33f59bb81a78700ba636e45b47b59f9e2ae8dea8634f1dd958a9776d9,
0xa29b2386f8ec1ddfe96c7781a5f6484aec70a464b2e08bc099cc2f44f5bd913a,
0xcd2524931e82d1aaea57323eaf76d1cb9a963617105e60b2a0f2648d5a26ba11,
0x3d96622ae4f5e6255737e3590aa2be728893730b529ead677cfb0b2732c42bcd,
0x1dd05dbb17d8bb87dee81431bf3bd1ebff2ba9bf8953de0fbbb2e9424e508221,
0x9562e038f854ab0809646b9aaa7fb26124692f761842b4eb82305d65c769678d,
0xb0655e4361be06d53eb2f4c6c9b69619ed11dc737c3b33bfce2a638353067ed2,
0xc50419330b20151a64ffb6a5ed51fa5e41cc212a44acf1622ddbc945aad05ec7,
0x8a6eaeca95a393b58a979b8abbf1a930b773dcf4bb388182930cc45b4c8b55e3,
0x2b00803b11d1b473cedba56ac4e440dde51d195bcb391078a66e0d36693849d2,
0xad4d4012c3b4a31952a8316a3cf1beba958cdd915993ef7c8fa729a7db5ed43c,
0x1adc8ace040cbf60e183ae1068de8c59895cda767031ec988ef7885afbedabcd,
0xfabe1e06b6272de53ad6d0150210d6b3cf5a594014a06b4236bc8e7d7f66689b,
0x35676f94749590fb1f7ebd9d0a980fded579c3e22c543bcee74394f74a0de856,
0x45556e457f6a3358ade402be32adc4a239b05a33d00399739c0d67ecea8bf4b2,
0x607bd2f01bc15610f5d2617739c6c33e9de16fa3524b3fb2ae9239656dd90e91,
0x880a3d168145f7e6dee899fa6b5f02a7fbe0b9a21408edb4fa19256879219173,
0xaeb0c2dd1bf1046f6b4b4f8ba2c12c420add292ca8bbbf90395b25d91c57e282,
0x38d66bbd8ac4e0116a72d984e84013fa1822e6e462c975184cb10f1323af86fc,
0xfa9f95ffb51a897a5b2706ce226ce422fb3532a0439b93dd1156e3601afbd1e6,
0xc197a8a2e610401dd2446d17a5b4a3819f37aa4a10895d7dff1677d1940b1c2e,
0xce187a03eac4d1a2d8ffaa40a36be96afb061f96f09352ccabe010f2c6d3b997,
0xae947bb0f41ce0416925e40074d4beeb733b28afd0aa24ad6fc18656c9ca51ef,
0x996f931596b1f46248d52528df1522aacf0eb88ff46f591d6aacd10af4d29c2a,
0xf7b0795101fc956077623a63523dc2efda09a4977b2bb80bb94e5f83589f46d8,
0x81017e56eaf0ffb9bbc6e4ce5c8f5577c4454aacfb20b111fb5d2b3ce3f3b428,
0x5020e5338ae2cd79a52e9f2ad265cfbbc5930111a2d126735c2900f6981a1c0d,
0x6e558326be7e39a0ed999e27bf59815195f4c1f115a322723a022489d2ecd41d,
0xe81ff539da06ab0bb93d258b709ee5dc9e1528f1dd710faa072094ccb791e100,
0x6428e5e8d689eb9e15cd9f2ee751ef3f7ce02d19402bbe7dbb4b5917f0567c83,
0xc300575fd6e581d8101412c4490059a753af0c815c8a1ed80c75bbb10bb2f7ce,
0x4515de6e681ebf4ac47336e12943425203ca67f0add29ef5fc36dec846395a3b,
0x10aa9e0ae75ad46b2c1d0be8ff43abe58a5028c9a7e108ba4ba2b33e9cbb42b1,
0xbb8534bcd4ae2fb2bdf6146e7978b1143c2827d094f97cb357f4b4d4b8002990,
0xb71392b3d8a5cae08e7ad952e13013b92a8a2841f5144061c776437700598957,
0x74311d13425b49b7da4d9ca6dfaa27ed91023fb590aaf79a6705b2d4f1c73fec,
0xe465e265bc223cd02dc395ee59b54ca0e968cbca1ed2cda220eb10fac2b27f9f,
0x9f96a8ff3e41ffdecab2b953ea43eadceaeb304e656fcfb571d5e15edb2873d1,
0x78321856fd3f6765e5741ebedefcf353d8a0ef4bc007b054f96e52151a648771,
0x24218cec3ce8d1f6c5c326474fc6788df3fde9ac9fe6f24043a8f51540f00a55,
0x33965db3f738309f886bce037eefce0f12fc69a2e802f742bb4b0731dd9805bb,
0x38b5f7a45074b47727aa0c85c585b64164ac2b622cb95f22022d44f4c5a703a3,
0x53b2ee960d5c440617b9d472a9bb3b3b7160d3ac55c1d2a9b837bdef31c13b35,
0x53df530434f763b5f55f9824a77b957bdf0a2e4cad6b8045eb0d48f3351a3f1e,
0xb1e6904a6af2157c9691200f038e9899fa39c68f52688564e5f06efe81750362,
0x3e234981aa4bce9d6b97487726af559504ec11ee413a2d5ee5ebb8a955d24f17,
0xd712e1e4f798299fcfe9034aed447cfc469ddc7ec3a84c749e207386d5f2ea82,
0x38fc72d552642c01cc716a356bca22035e76fb503bb124c0530604fd5af50a5d,
0x3eca3ea0f0d906f271e5cab3a13538c82b88cd586923e2aab25816062518df8b,
0xf8a402cde9f1beac29c72de16ec788b96b3a662a638154ad4913e29aa1b19b91,
0xec461ab4336e92c2e521e9b443f3a0ed07eefc139cc24c8cd55054f75644a703,
0xcecd005dd645e92f3055f93746137f73e8c8a946c76bb4aa82332000a36e3d9f,
0x58a8cbc5073d84e42e4f1a02863a29a680102d3223518e2235ab444f20e1f31d,
0xda5c6e9942bf585d17e68c3f31bb65f04e5123fdbb1c0ddd0e1d02c329409717,
0x549f88d71ec9d4bc7f6b445a27404d4821ab9ba2a6d388d4b5356f46cbfeceff,
0xed56059b985530db3961eb71192b7cd29593c01cd8ac3ccada5ccef010ea18e4,
0x23d577b2ee0a0b9f9140baef520e8b9aad3f6a18513f61a004aadda58d0bab0c,
0xbeca227fa137602b388e20bef03efc1fd89f78fb0d4656ad879a32f1ee5946a2,
0xe32d3566aa97d53ce38613557689c9d81104d18d90ebe8480f65905a2b7326db,
0xffe89b8b0a11eb9be2dd706f715b3d80960e70b5c472e71871e88d8e3eeb1831,
0x10fa0147ffabf3268470ce418538ac358ce0751e05d9b33504187d1171c6a653,
0x43ef175865047883e6d515da1032c2db39621a2fe40616d9d64ee22099f153d2,
0x37e5a9af15fb16ae1c6c63875f68a99ff6a6c40eac3c521c209ea04aab139698,
0x89bf8fb9262a105f1ed195074b7d68dd66be0bc5776f7f6203eeca5b230b3e97,
0xa89cd7b4dec4db0a29588521954e80c3329add163ec06f29bcab4d0f9ec0a8f6,
0x4418c809d916003778514aaf8aeb67adf4cd8263e94c122c743d371a9967a8e2,
0x64bf85a88e2a2802e357419691c35190d49256c0ece486167309569d17cf28f6,
0x09e1301d053b4f1131bd1770714e7972c621b3bbb31542b6d1d7d201c81ed8a3,
0x7ea4c46d893e3fe886b41eb47d931f2e1d5774ba14e876f32509df080302ef73,
0x1a20e41ef64cedbcf182b8d41b03b03df61dbfe9e4b1176d3ee2377907287adf,
0x746faf2e7ea3883eee17021de25049a92e1cb0ec211af2dd2a4796ace7b8fc61,
0x562ca60439fa01dfddd6afc509ca15d846fa63728a1e67910adcd70d5a61377a,
0x03bcef0e04df691604a83e609cfa840932c138659bf23dcfbf35bb83c684762d,
0xec0b1fe1287f0e47a7977df89455803afa196eedb72763fa46d79f2fda6bc75e,
0x84dfccd1be3f84f9dd543859d8942869ed617d7a3fc465f4dfae7f611299e584,
0xf95a1b9c8f6c5c9b70f687abbc11d78ad70710763ff07d24a6af8ca7998a6794,
0x8967ce16664e437899951c1281bce20264d3a9c286f15a614c6acc23825a7b44,
0xe7956c879501e43d868010538bad3a9f2720dbd6fa36b9e6f4ce89a43150fac8,
0x5814a2acf93f38b4c5dd2a1cb8c4f8f61773618a66e738f7a3da86f9e1ae3bee,
0xf50e7997f7bc2e9b3f3f3760b46cdcbddeec2ab3839a444373a03ce236a987d3,
0xa4315cd97068bb3b267b8b8cb8b0b28ac1d58087ceef38bc6def9b5ac157cc56,
0x393705b31d9c44a81a6b4c1ad0849babe77621a2f8c60936f286de3ef5f54dc6,
0xec9461c2a93b2f04ebbd25a8be2357d0f3f850ab30b2b189b9921a7feeabed3d,
0xba8a4075db400d2667b9883ea625bd706f3a95f889a6f4db7487c9fa2b717f76,
0xbdfecc68bdd5188e07d40253d403bd0aa58cb55a78095a4a96ca4fa37f3c77ad,
0x0a0e7e187011ac94a55f163496435db8cb1c4353d37111e534e557ca7b4b534d,
0x6bcba79d2a572c2d58442472f5f6f8c7a409a3911c0a84805e7acdf73702b15c,
0x0aaf412dd132229310c32e1cb18c41098cb94f5a02c3d09e479afb315938359b,
0xbc6adfb137d4407312884c6338df6da5ccd43d8f01d4b3ea7649023ca27703ef,
0x328fe6c8e62a90be4baee5d869d5c4c386de27d671ef1c77b0432cc34b56d7c9,
0xd2708652aa568518a34a6a66ab6bdbc1ab1ca9bbebddc250e6763d328ac429e6,
0xbc8c16ee5bf62ee04de306d87f0683c10967cc0292b03e38aa524a15c4ca3872,
0x71fb11f6a1714b5c1e525ca4500a6d1544cc240de4e9a28643156f6708231d03,
0x9d516e0ed0ccf12ce5ea08c50f700db75e6661099f1f13a2249b7f81c7697aaa,
0x1d6b9b3c480bd8fa2ee556c6f433b0af7f53722b1dc6e9f0334cc424f5100ebd,
0xa681361919ebaeee707c6168d7da7ef630cba9c5ac2ca1ae5d01b146ea20631a,
0x05a548e1c0540bbfc10d478d94c50d231fa57b7ce8f77c5e43bca3c63beaccab,
0xa51b1c7b8773eb4ae81edb4c1cff3e8f44e326ec438345efc8255d8b83814a55,
0x6a1cd89a611e81e3f2330c784e7dae891ec1b316950d22f4d74104758fb11517,
0xb4b68e203889a8ca5b8391d2be7ad5911d896d26453d7fdeacde4045de4a3c11,
0x30168e675bc34c71f4d760a04afd999d552c2ccdcfb7c7fe728778cc810b37dd,
0x2e7dd30533c9cdbbb249316ed7b7aff484f1d644330b5c45c8a1bd2719fe8253,
0x72b78c082b6ef2606211946ad34cd5b4b7f91b1c7c8f420d56f41ee2b82509c9,
0x510c52f72fd21d9f009e76512ec01cc798a6cd60f7939f851cf302706ab58e1f,
0xcd158c062597cab26511ff451d686bf9185ed747e5fe51c8f3b3a8ccc685f2a1,
0x5e457a5ffc92333cb3799a97b81cf8fa645f8a494fbb6b6fddcd10bdb4cf4f21,
0x64cde5b27ba740b65fde29141a9abf511d676a079d7d313150b00255193005d1,
0x7f0b24e6f81a71d0807110c6c37c2e801333a0be4553d301f9c9eb0e7781dbf4,
0xfbdf6abee415cc51dc228f7ba4a8a65cd5a532c166be60494669cc91eceda748,
0x300a1cdd7c574e98fd94861c72bb675402fa9905d5a73fcfe4cb10191f0831ec,
0xa66152208abe559ff49a7c777b7c2ae431ee2fd4bdbb88532935bbb18d690112,
0xd2d5e41949949afa2a3329fcb0a762a46fb139ad3085fbf2e63b9e5a5af41adc,
0x85315443f718377e544364c1370a1f639fdb24a2129e3f47221835dbd853cc6e,
0xc0223892e49e2850634a5ef82f54c4ae04d99a6fd172cf7971c9c98500535f4d,
0xc0320009b00389aea2d70a6220383475f3089b3aaca2a4df1321c357b326b309,
0x5b86570c623f1816b0d10605867a4071a461502021c9c507fd6a8acc41d3c55d,
0xc94823f775d71040cdf5c24b4c0ebbc94089bff5bb832f3fa796b968cbaae991,
0xd0f7ef4df40842f325a6e4527d8be7b38a50b570df12e6d1efbbded26e8ca328,
0x116034b24008809e760c0579539b7e0a195106a01bb8d4b714ee0afa068738ea,
0x5050164a85c8d087f11e52924119065868adf6ccf226bbc7dfedea6fb43b0d7c,
0x030bd68f25f5342c6249b77ae63c63227588a8616a52fc15d8c1691e491051e1,
0x4614c84369fef4632dd53c6cb81ad606045071c915d008863cf5e859f980114b,
0x4a87011d9e6f2926a37ff78968cf0736699b332da1c5a69d0d60317e97606ef1,
0x526982421b0750e653a48cfecc0b0e92536fc27544e97e37eee95ee5f0ae7f7f,
0x47907b540fb32dd901a82981e97fe586a331ec54257f8159652fa6e54a127f88,
0x703636fc668b114eca611b1814a9ee0b09ff8c9fe11b809df00bb6d31108cf0c,
0xd833ce196fe896af0f40d67617a217b1926f4b29c5517b502ae05497f70489fd,
0xd3eeaa641a382c5d0ca9c982b603823686b1a198eef78c6dfef44786a984176d,
0x30994758d7f993062f5c84e30ed80821c7f84bccee22f377dfdce3bc5a639c6d,
0x15765a00d1fecfe4c6626a35a99835d74701fbec8af5424cc3f640e3da39c61d,
0x1da31f32ad49fbf195b9fb40e1b849e5383e01caa48a84290b784b76f25dae57,
0x2fe6b39cc1175609e9c47fbacefc3ffe1cc0c0526f4daca425351815e1116c15,
0x77d36fc6132b0d6c8442708ddefaeba1afbb41bf9650c9c84878b7de43104225,
0x6c8b0dfdfda75be483d0e41ea957ced1ea89117d84e596e8f8ecac18797d9fa5,
0xc6bd6d6af443df7dd77498305ce99b5c7a64a800a85252606bccefbfb0d1a98a,
0x355722f76f12bc1f61eec14fccea4a92e69b635d79f86ee7fc3f9b117bb0dff4,
0xc05aa634f9f27d29a820605a6d47313dfec5c72facb7e259b6652a6cad12cea3,
0xda7725ec9bbadd823d446d55459e6381ace41d9eca851dfc1351fba73067dec2,
0x2d90661bb25c1c8d6468eb07adde146cacb72f374630d22a7723ea328bae309b,
0xa14178b9e37ec6d23c37f38abafaee30dc555a34819b0b41e77ae1a7b04423ec,
0x98de4b702eda6469cf05a6ff185b72b52301bf7e4d05182871e8385afa111de1,
0x1e69789b1799606f139c6b5616dae2af519c98927e2767d82fb4c5103f59645d,
0x5e6ee6925dc88a6b4fa4f6dbff808916702992d384a0c88ef5beaebec80a19f3,
0xc099f1247ea2b69f3439541e7a7e4427564b6f68c4f46aaf9918ed681cf5aae2,
0x160c554cf0d5e1924c0e9735cd8526fe6a683785497b34074ee7bbc1e404044f,
0xfab0b36681453343cb618a19d457a51cecbdfa73d780f6b0862dc737222e880b,
0x286783f743fb24ef3ba7c398fb54f710f3f40ba9bd17e20afa2eb4460ebad013,
0xaaa848196f2fc8629bd99e251f3b4b26a8205de05f267620225811d0d0f28a7a,
0x95c4ae0587cd8afcee688125930c9be072bde9b47d2b60d417470ac38f20c14c,
0xdba79350d0bcfcad47d63834278c9be8b4953d7fc912a9652a6ec8c4ccf2eb04,
0x4f525fa1da0c82fae3f8ee460e523aa707cc48d009790ae7ea457ae5c4bf705d,
0xa5b780ab9e661f66c721a00d3caae37921b2e6a9fab6521c453d6f1ca6a995b8,
0xcb3139293913b0ba95ea29b3b5fcc94bed3be0b850141317d60d46fb01314e32,
0x498b412d98d51f62b3251c17962fc13d52418c05ae649e4fd4c615188e6daabb,
0x18ee6f1f1d5ec68abccdcb68097e168420e47d1d83f0d46121b37a55f351ad20,
0xe1371a1e03fc80b73a7e65b3e292119386db2c1efd95baa764f9ca07c25c6227,
0x2861e765ece246713dbfe0c761ea413b60a822ddf370adb4979def1f872c63c5,
0x1006b7c23e4bdb72db3a946150b8411ff69ec15187f28b3fa31899fd7f038246,
0x20303d6882ecf6f626818d626faad4f8990927fbcdf1adfa28cef2fe57a9dbff,
0x0de5cdcae8d2299ba9b48c33d0aa34b98b991cb205c514b6a1e2099ccd1c5d75,
0xc1319216dff3da247f6be3bfc830fb76407be4cef37ebd61ca7bae264a02f153,
0xabb1de774c2931931d176e45238c5a3015ac9c6e52d82941c6cc2d9a69e941be,
0xe80ee198d5bea9f93908ffd36010e1bfcca22401385e6a04a6d4681dcb300c52,
0x94e1558ba699f5c8f7c545c9bfc1dc57bd70786719d993fc37a265803c31cb95,
0x0d2bdd291a90243615f634f54393c03c7b7615b5efec57e52ef9d8af09f91b61,
0x52b2d69dece88b9e4e6b1c011f2e13880170b404d3a6394452e3eae8aa647f5a,
0xaf0e1a01cd07ee82912690267178a33ec6b952b142777a98fac9b885004626d4,
0xa730c53eb68374e55cb1f4a7f9f074de14f865850aabef20a5a6eb99f01ed6f3,
0x14383e676b1beac4a60dfa0e29b63e12bd7e565c2caac3b8efd130b50e6b0c09,
0x8d4c21e65191f1487bf5e1010a813b91476bd88c0a9f7cf787874af241f9be41,
0x71933ed2f4f1c80c016da60116f3db4ce51082ba6b998bf8431e9ee7a91d3d7a,
0x4170d6feb0fa34fb499fbde5f0d511a2b364b0686d4618df3b5a8fcc8215d0c1,
0x63d799f45d2daf28cf48ac8844c9f1d015bf802b30f9fe7db9de67b28b8704c3,
0x4e045091fdb6bf88164d1473334b3183d6986795c14e51f59e28dffd22f5b2a1,
0x8c309f4cf495bbad26abca166625d8563c03f24088c1ccdaf7bac2c2d7ac4308,
0x136f199eefe482e144e614812e993b50f8d6c530430eb525651f2488cf50f8a5,
0x4ca04a2442d28abe4e7c182db60504ecd14f28cfe1d575bd00233519d01f2400,
0xca54b59eee85ac32b1a5106d3c88248cef55c1712c4b9e2437f30a9bfd887c71,
0x6523ac6ad4032273b1ed7536800bbd2562b565443601939077175e9f544bae44,
0x7e3d4b2087681fc68f96686aeb176ab014b9d21e425f30e631211005faa7baf3,
0x459d7d26358b061d630c45437d32d746171e8c6ad72b86986093f6dc132e37fb,
0xb107da9a6ab820ce3a145734e066bd3e5009562993d129322102b85e6f408a71,
0x3642a0ef99ed3da5d0489d2d2e72067150dd5a4902ac9d86a7d48440ab912b21,
0x2f15099784aeeac3358a0d7cabbf6baeaa58d348494eab79b1b18c0446730c91,
0x6d68ce5c24c2d86553e4eb9171710b7cd50d66f0e7c7b01a16ffae65feb8433b,
0x618a9868fe300a76f364a185b1d3f088a7d8c3b89466d273b45bb3ad430ac873,
0x311567de95dc917efafd34a097f28993c9f9f55966f9a65598dc0eb0e9b5f159,
0x991417801898d4936fc7d76903360ebce1698e00252fc2bbb1403758d4456d30,
0x0b7d4da04572a827e0796ffbcd97ff9b05be50fe7acd5e8559104d0445deac56,
0x5d9cfc2bbccfa33b5c8c1a5df4b2b61b6d25017be4b32d054f96c2baca3bdd37,
0xde226a5c55488cb78554a9c960eedd3c34659139e21379849630a509550e8863,
0x2e0131c449db2cdf7e5bd83065dd8a717d35024f94b4da528acb5d36572ea4d5,
0xfa031b127d7de3a96443740fe41d0da39fb3a1b7eea7bb4e79306d3504ede691,
0x8e22aa7a7876988d62c095a920379435297858edf221764f1d885f1a9d1f7865,
0x7a7724a3b68e034230a18c93c1bdfa747b075f3bdd77fadeefeede06bcc5c932,
0x539a2229bc47c9502d064683ebf8cb4aa49daebaaea4d5acf1b07a57c88f53c1,
0x8858184c28c19726170716f670e236a4bc2435e914952e2aedd82c3880a5cba7,
0xccf80fba7c6244c6398b23386e9a0a05c416329256ea8bf1916549086b7f77b9,
0x8a4355bcff105711f4983790fefad2875b9c7290522dbb5b657b5b6a4c670062,
0x1bb77afd64ee1a9fc15cf700a3234106b4d0434eddee141e4ca373f17d953463,
0x903b347ed2b77f0c299bb3fecf93f4992dfaa4e41901d88e796342f125bd70a1,
0xe7dfbce835b5dc4a01603039ca90c0422b4cee4469e97d0e82a251f38175da02,
0xf50120b4e47bbe005b31e6fc06b608f875153b24aa674fd335b06867ae3c50f2,
0xde6624f11f9396df6746bf03477749bacecab1d735b30bc5aa8a5b6bf26f9e56,
0x98c9f07111ab31b3c1283170e195167fca1043a146f9e146df110331ef2a7d0b,
0x86d8c5f823e3c24af5979ddf8fe02ed4ea872c2d215fc03c70ac48274cf6a695,
0x4064a4a8e05f37b72659c3ba97f4833de67faa40484efff6fec2d8d9bce11bbf,
0xd5b71627cf36a22ca070cd87c252cc6dc706152d9a3b5c53ae425ce53abaae56,
0xd2bb56ec55886d1ce835da1baaf7dfaed0391ee2829691dfef5f3ed74b4388a3,
